broad_pos,mean_shap,count,std,importance_pct
adjective,0.1102202183908046,87,0.23611662994885652,31.19
verb,0.05000449074074074,108,0.12444092002370323,14.15
noun,0.04418317406143345,293,0.08298960830239743,12.5
adverb,0.08705489361702126,47,0.14257361051617817,24.64
stopword,0.03819481403508772,285,0.08002977781274637,10.81
other,0.023707333333333334,9,0.023522909535174424,6.71
